,name,requirements,branch,duplicate,completion,complete,completeRequirements
0,Ladybird Active Body,Explore reasons why exercise is important/Complete 3-4 physical activities in your unit including take part in a beanbag game & going for a ramble/Discuss the effect of exercies on your body,L,A,0.0,I,N
1,Ladybird Aviation,List 15 things that fly/Colour a picture of one Aer Lingus aircraft/Make something that flies (e.g. kite or rocket or paper aeroplane),L,A,0.0,I,N
2,Ladybird Bird Watcher,Make a simple Bird Feeder/Recognise 3 garden birds,L,B,0.0,I,N
3,Ladybird Book Lover,Listen to a story/Make a bookmark/Dress up as your favourite character from your favourite book,L,A,0.0,I,N
4,Ladybird Camp Cape,Help pitch a tent indoors/Make an Irish Girl Guide flag/Take part in an indoor campfire/Make an edible campfire/Make mud prints,L,A,0.0,I,N
5,Ladybird Cultural Diversity,Take part in games or activities that help Ladybirds get to know each other better/Listen to a story that identifies the need for us to respoect our differences/Complete a co-operation game or activity/Celebrate an International Cultural Festival,L,A,0.0,I,N
6,Ladybird Cybersecurity,Gain a basic understanding of what the internet is and how it works/Understand what information is and to distinguish between facts and fake news/Understand what a password is and how to create a strong one/Understand what our personal information how to be safe online/Understand how to behave online and to take the Cyber Smart Pledge,L,G,0.0,I,N
7,Ladybird Day Out,Know what to bring for the day/Know what to wear/Pack a healthy lunch/Take part in an event with another Unit(s),L,No,0.0,I,N
8,Ladybird Disability Awareness,Take part in activites that increase the awareness of our senses - visual & hearing in particular/Explore the role our senses have - warn us of danger & so on/Discuss what happens if these senses don't work - do our other senses get stronger to help us. Can we use things to help us?/Check if your meeting hall is friendly for a wheelchair user,L,A,0.0,I,N
9,Ladybird Engineering,Learn about engineering and play a game to spot engineering at a campsite/Become a STEPS Engineer Investigator by completing a treasure hunt in the local area or in the Unit/Complete an engineering colouring sheet/Take on the Engineering Challenge: to design and build a fantastic Ladybird Unit Centre (Research & invite a local engineer to the Unit if possible),L,A,0.0,I,N
10,Ladybird Environmental Awareness,Play games to identify ways of reducing energy and water use in the home/Produce a reminder for your house to save energy/Recognise the appropriate bins for your rubbish/Learn a song about recycling,L,A,0.0,I,N
11,Ladybird Europe,Recognise and colour in the European Union Flag/Learn greeting customs from 3 different countries/Make rubbings of Euro coins and name some of the countries of the EU,L,A,0.0,I,N
12,Ladybird Fire Safety,Take part in a fire drill at your Unit meeting (When possible visit a fire station or invite a fire officer to your meeting)/Learn the fire drill song/Learn how to safely get out of a smoke-filled room/Learn Stop Drop & Roll,L,A,0.0,I,N
13,Ladybird First Aid,Discuss what emergency first aid is and who can do it? (e.g. know how to call the emergency services or be familiar with your eircode)/How to remain calm in difficult situations/Discuss different scenarios that might require first aid/Learn some first aid techniques (e.g. recovery position or how to look after cuts and grazes or how to put on a sling using your neckerchief),L,A,0.0,I,N
14,Ladybird Healthy Body,Identify the healthy food plate/Eat a vegetable or fruit plate/Discuss the keep clean routine/Demonstrate how to wash your hands correctly,L,A,0.0,I,N
15,Ladybird Healthy Friendship,Identify what is a good friend & that we can have lots of friends & that each of us is special/Give examples of how to relate to different people & rules of polite society/Discuss why Guiding Units are bully free zones/Understand happy and sad feelings,L,A,0.0,I,N
16,Ladybird Healthy Mind,Identify 5 things that make you special/Identify the IGG tagline/Demonstrate relaxation exercises/Discuss what feelings are and how to express them appropriately,L,A,0.0,I,N
17,Ladybird Irish Culture and Traditions,Recognise and colour the Irish flag and shamrock/Perform an Irish dance/Make a Tara brooch,L,A,0.0,I,N
18,Ladybird Medicine Safety,Learn the medicine safety rules/Identify where and how medicine should be stored safely/Practice making good choices,L,A,0.0,I,N
19,Ladybird Performing Arts,Make a musical instrument/Sing an action song/Say a poem/Copy a rhyme made by a Leader/Take part in a game of charades/Take part in a dance with your Unit,L,A,0.0,I,N
20,Ladybird Road Safety,Learn basic road safety skills to include performing the Safe Cross Code song/Describe how to travel safely in a car/Take part in a Bicycle Safety activity,L,A,0.0,I,N
21,Ladybird Robotics,What is a robot?/Watch a video about how robots move/Take part in three Six Bricks activities to learn about colour & movement & coding/Design and colour your own robot. Describe what it does and why it is useful. (By completing the FIRST® LEGO® League Discover Programme girls are automatically awarded this badge),L,A,0.0,I,N
22,Ladybird Safety in the Home,Discuss why your room must be tidy/Identify dangers around the home/Recognise what is safe or unsafe to play with/Show how to use a landline and mobile phone in an emergency,L,A,0.0,I,N
23,Ladybird Sleepover,Discuss and know what to take on a night away/Spend the night away with Ladybirds in a cottage or local hall etc. AND At the venue Ladybirds should help leaders with food preparation and cleaning up AND Take part in a 'campfire' (real or pretend) & learn a new song,L,A,0.0,I,N
24,Ladybird Space,Discuss suitable clothing and footwear to wear in all weathers/Name three things that are special about Earth that you could share with people from another planet/Observe the Moon in the day-time or night-time; draw what you see/Plan an imaginary trip to the Moon or to space/Design a constellation/Take part in an activity to learn the names of the planets: OR Play a game about a journey through the solar system OR Learn a song about the solar system,L,A,0.0,I,N
25,Ladybird Sportswoman,Keep a log for 2 weeks of your activity showing how you carried out or took part in it/Tell your Unit what equipment and materials and practice time you need for your activity,L,A,0.0,I,N
26,Ladybird STEM,Complete 1: Walking Water OR Moon Sand OR See Sound OR Static Electricity OR Cup Tower Challenge OR Does Air Weigh Anything OR Paper Cup Stand OR Sound Waves OR Leak Proof Bag/Complete 1 of the above/Complete 1 of the above/Complete 1 of the above/Complete 1: Egg Through a Bottle OR Lollipop Stick Chain Reaction OR Walking on Eggs,L,A,0.0,I,N
27,Ladybird Voting,Explain three methods of voting/Use these methods to reach three decisions at your meeting,L,A,0.0,I,N
28,Ladybird Water Safety,Explore and discuss at least 2 of the “Hold Hands” Water Safety Programme e.g. safety by the beach or by the river or on the farm or by the lake/Take the Water Safety Quiz/Colour in the Lifeguard flags and know what each one means,L,A,0.0,I,N
29,Ladybird World Guiding,Learn a dance from another country/Learn greeting customs from 3 different countries/Eat some food from another country/Colour the Ladybird uniform from another country/Learn what & when World Thinking Day is/Take part in a World Thinking Day Celebration,L,A,0.0,I,N
30,Brownie Active Body,Explain the importance of exercise & what it does for our bodies/Show some exercises for warming up before taking exercise & stretching your muscles & cooling down afterwards/Identify different types of physical activities & show the correct clothes & equipment you need for an activity/Complete 1 of the following: Sprint 50m in 20s OR Jump 70cm (or 1/2 your height) in a long jump OR Skip forwards without a break for 30s OR Skip 2 fancy steps OR Hit a 1.5m high target with a tennis ball from a distance of 3.5m OR From a distance of 4m roll a ball between two skittles 30cm apart OR Throw & catch a ball or a beanbag a number of times OR Play a leap-frog game OR Spin a hoop around your waist for 20s OR Make up a 3min aerobic exercise sequence. Show this to your Six or Pack & get them to join in OR Take part in a French skipping game/Complete 1 of the above/Complete 1 of the above/Complete 1 of the above/Complete 1 of the above/Complete 1 of the above/Complete 1 of the above/Complete 1 of the above,B,A,0.0,I,N
31,Brownie Art and Craft,Complete 1 of the following: Know the primary colours. Mix them to make other colours OR Make a pattern you like. Use your design in a practical way e.g book cover OR Draw a picture of a Brownie activity you really enjoy doing OR Create a textured collage OR Design & decorate a t-shirt OR Knit a square OR Model a figure or animal OR Make a basket OR Make a friendship bracelet OR Weave a useful article OR Design a card for a celebration OR Make an artical from Fimo Clay OR Make a puppet OR Design a board game OR Make a mobile to amuse a small child OR Create a toy out of tights or socks OR Make a toy from recycled materials OR Make a toy of your choice/Complete 1 of the above/Complete 1 of the above (Earn another badge by doing 3 different options),B,A,0.0,I,N
32,Brownie Aviation,Name 8 careers linked with aviation or air transportation; pick your favourite & which you would like to do when you are a grown up & why/Investigate innovative women in the history of aviation/Make an aircraft & investigate what makes it go higher and further/Learn about the Phonetic Language of Aviation and learn how to say your name using the Language,B,A,0.0,I,N
33,Brownie Bird Watcher,Be able to recognise & describe at least six different Irish birds/Make a bird feeder/Keep a record of the birds that visit your feeder every day for a week OR Visit a habitat where you will see a selection of birds in their own environment & record the birds you see,B,L,0.0,I,N
34,Brownie Book Lover,Be a member of a local or school library. Visit the library/Make a poster showing some of the items you can borrow from the library/Read a book by 4 different authors & give a short account of each book/Make a bookmark/With the help of the Leader choose one other book to read/Show how to use a reference book,B,G,0.0,I,N
35,Brownie Camping,Attend an overnight Brownie Camp/Know what you need to bring to an overnight camp/Learn how to correctly pack your bag/Help pitch a tent & learn what the different parts of a tent are called/Learn how to care for a tent/Take care of your possessions at camp/Take part in all the activities at the camp wearing your Brownie Smile/Take part in an indoor or outdoor campfire,B,A,0.0,I,N
36,Brownie Collector,Create a collection (25-30 items) over a period of time ensuring it's fun & you can afford it & you have the space for it/Explain how long it took to create the collection & where the items came from & what you like about them & why you chose to collect them/Visit one other collection. Describe your visit & what you saw & how the collections were displayed,B,No,0.0,I,N
37,Brownie Cook,Learn the names of commonly used utensils & how to use them/Learn how to use a cooker or microwave safely/Prepare & cook any three of the following: Eggs OR Hot cereal OR Soup OR Toast OR Hot drink OR Jelly OR Sandwich - plain or toasted/Wash up & leave the kitchen tidy & clean/Explain food hygiene/Show how to be safe in the kitchen,B,G,0.0,I,N
38,Brownie Cultural Diversity,Take part in games or activities to get to know each other better & explore our similarities & differences/Through activities identify ways of respecting and including different cultures/Work in your Six to solve a puzzle using effective communication/Take part in games or activities that will help identify the feelings of being included or excluded/Celebrate an International Cultural Festival,B,A,0.0,I,N
39,Brownie Cycle Safety,Display the ability to ride a bike properly including applying the brakes/Demonstrate how to complete the M Safety Check of your bike/Show cycle control by cycling around five obstacles placed 1.5m apart/Identify the rules of the road specifically related to being a cyclist,B,G,0.0,I,N
40,Brownie Disability Awareness,Do any 1 of the following: Learn to spell your name ir ISL or learn how to sign 10 words in Lámh OR Find out about two disabilities & list ways that those disabilities can affect a person's life OR Evaluate the building in which you meet & how suitable it is for people who have a physical disability OR Make a poster or leaflet showing some of the events that form the Paralympics OR Find out about the work of an organisation that works for people with a disability & tell the Pack about them OR Find out about the work of an organisation that works for people with a disability & tell the Pack about them OR Talk about a person who is famous & has a disability/Do one of the above/Do one of the above (Do 3 different options to earn another badge),B,A,0.0,I,N
41,Brownie Discovering Faiths,Learn about three places of worship/Make a collage or poster about an organisation in your community that does good work OR a festival or celebration from one of the World Faiths/Find out about a world religion practiced in one of the following countries: India OR Switzerland OR the UK OR Mexico/Take part in a Guides' Own using songs or stories or drama or mime or music/Reflect on your Brownie Promise,B,G,0.0,I,N
42,Brownie Drug Awareness,Identify harmful substances that can be found in the home/Learn the Safety Rules for medicine storage & use/Practice making good choices/Take part in activities that help you build confidence in decision making/Make an Anti-Drugs Poster,B,A,0.0,I,N
43,Brownie Engineering,Take part in a game to understand the role of the engineer/Explore examples of engineering/Build a marshmallow tower OR What floats your boat? OR Make a teepee,B,A,0.0,I,N
44,Brownie Environmental Awareness,Discuss different ways of reducing water & energy use at home. Try one of these ways for a week & keep a record of what you've done/Make a poster or a useful item from recycled materials/Examine different ways of reducing your family's carbon footprint/Find out about one protected species in Ireland & one endangered species in the world. Make a display using this information/Identify the seven principles of Leave No Trace,B,A,0.0,I,N
45,Brownie Europe,Find out who are the member states of the European Union/Find out what MEPs do and who are the MEPs in your Constituency/Write a postcard to your MEPs to tell them what you do in Brownies/Learn that everyone in the world is different e.g. fingerprints or different languages or different colour skin,B,A,0.0,I,N
46,Brownie Fire Safety,Take part in a fire safety drill at your Unit meeting (Visit a fire station or invite a Fire Officer to your meeting if possible)/State how to call the Fire Brigade/Know E.D.I.T.H/Explain why smoke detectors should be used in homes & how to test them/Learn how to prevent smoke entering a room & show how to safely get out of a smoke-filled room. Demonstrate how to check for a fire behind a door before opening it/Demonstrate what to do if clothes catch a fire/Explain why water should never be thrown on a pan of fat which has caught fire/List five possible fire hazards in a home,B,A,0.0,I,N
47,Brownie First Aid,Explain the importance of remaining calm & getting adult help as quickly as possible when somebody has been hurt or injured/List ways to reassure somebody that help is coming/Describe why you must think of your own safety before helping anyone else/Demonstrate how to contact the emergency services & what to tell them/Demonstrate how to treat a simple burn/Demonstrate how to clean & treate a graze/Demonstrate how to stop bleeding from the nose/Demonstrate how to control bleeding from a wound/Demonstrate how to treat a wasp & bee sting/Demonstrate how to put a casualty in the recovery postion,B,A,0.0,I,N
48,Brownie Flower Lover,Identify & describe at least five garden & five wild flowers/Go for a walk & point out as many flowers & plants as possible/Discuss the importance of protecting wildflowers,B,No,0.0,I,N
49,Brownie Global Traveller,Do one of the following: Discuss what you should remember when walking or cycling in a different country OR Demonstrate how you might greet people from 3 countries in their traditional way OR Explain why people have passports & design a pretend passport OR Imagine going on a foreign trip - what steps do you need to take to prepare for it OR Learn how to say 'Hello' & 'Goodbye' & 'How are you?' & 'Please' & 'Thank you' in another langauge OR Take photographs. Display & label them or arrange them in an album or make a scrap book of what you enjoyed OR Play a Kim's game with your Six using souveneiers from other countires OR Make a picture postcard & write to a friend telling them what the place is like & what you did there (Real or imaginary) OR Hold a fashion show modelling the type of clothes you might wear if you lived in a very cold country & a very wet country & a very hot country & a very dry country/Do one of the above/Do one of the above (Earn by another badge by doing three different options),B,G,0.0,I,N
50,Brownie Green Fingers,Grow a flower seed & a vegetable or herb of your choice from seed or bulb or tuber/Explain the difference between a seed or a bulb or a tuber/Name four garden tools & how to care for them/Identify the dangers of the tools left lying around/Explain how to keep the garden tidy & free from weeds,B,G,0.0,I,N
51,Brownie Guiding Traditions,Complete one of the following: OR Discover what Brownies were originally called & when they began OR Create a Brownie uniform timeline OR Tie a reef knot & know how it is used OR Listen to the story of the left handshake OR Tie your shoelaces OR Make a plait with rope or cord or wool OR Light a candle safely with a match OR Polish a pair of shoes OR Wrap a parcel OR Learn how ot set a table correctly for a meal OR Wash up dishes at the sink OR Listen to the story of the Toadstool OR Listen to the story of Boggarty OR Sing the Tweenie Dong. Undertsand why there is a Tweenie Song OR Play a game to gain some facts about the history of Guiding OR Discovere what the Brownie health rules were OR Find out what Brownies used to carry in their pockets (along with their smile)/Complete one of the above/Complete one of the above/Complete one of the above (Earn another badge by doing a different four options),B,G,0.0,I,N
52,Brownie Healthy Body,Identify the important nutrients & food groups needed for a balanced diet. Find out more about these/Produce a menu which follows the healthy eating guidelines/Demonstrate how to wash your hands correctly & know when you should wash your hands/Explain the importance of good oral hygiene/Demonstrate how you look after your hair,B,A,0.0,I,N
53,Brownie Healthy Friendship,Examine how people can care for one another/Recognise & appreciate difference in others & identify ways to treat people with respect/Discuss how we can show good teamwork & show examples of teamwork & show examples of sharing & taking turns & compromise/Discuss ways of including everybody in Brownies & how we can ensure no one is left out/Identify qualities of a good friend,B,A,0.0,I,N
54,Brownie Healthy Mind,Outline how you are special & unique/Identify your own good qualities/Identify three different relaxation techniques/Practise one relaxation technique that you particularly like/Identify four different feelings & describe ways to deal with them/Identify the IGG tagline,B,A,0.0,I,N
55,Brownie Hostess,Make an invitation card/Help make & set out refreshments/Help make the guests feel welcome/Serve refreshments to guests/Help clear up afterwards/Make a decoration,B,G,0.0,I,N
56,Brownie Independent Living Skills,Bring a note signed by your parent that you have completed the following: AND Tidied & dusted & vacuumed your bedroom AND Laid & cleared the table for a meal AND Washed up the dishes including the cooking utensils OR filled & emptied the dishwasher afterwards AND Made your bed & helped change the bed clothes/Carry out one of the following: Clean a window or mirror OR Sew on a button or badge OR Polish a pair of shoes OR Clean a basin or sink OR Tidy a cupboard or drawer OR Empty the washing machine or tumble dryer OR Hang out & take in clothes from the line/Carry out one of the above/Carry out one of the above,B,G,0.0,I,N
57,Brownie Irish Culture and Traditions,Complete one of the following: OR Take part in the Walls or Limerick or the Siege of Ennis OR Perform a reel or jig OR Take part in a 2 or 3 or 4 hand reel OR Read an Irish legend & explain it to the Pack in Irish or English OR Sing an Irish song or recite an Irish poem OR Hold a simple conversation in Irish with the tester OR Sing the chorus of the Irish National Anthem OR Identify the landmarks of your local area OR Make a poster that would encourage people to vist your town or village OR Visit a building or centre or monument or statue or site of importance connected to our heritage & write about your visit OR Draw the Irish National Flag & explain the meaning of the colours OR Make a model or collage of an item from ancient or medieval Ireland OR Dress a doll in traditional Irish costume OR Make a St. Brigid's cross & tell a story about St. Brigid OR Illustrate a bookmark with a Celtic design/Complete one of the above/Complete one of the above (Complete three different options to earn another badge),B,A,0.0,I,N
58,Brownie Local Knowledge,Produce a booklet or poster about local useful services/Outline where local main roads lead to/Give simple directions to a local landmark/Visit & describe an interesting building or monument in your area,B,No,0.0,I,N
59,Brownie Money Matters,Learn a story about the importance of saving/Keep a record of money you receive & how you spend it/Know how to open a savings account/Plan a simple meal. Work out how much it would cost to buy the ingredients/Examine three different types of currency not used in Ireland. Know what the currency is called & which countries it is used in. If possible have examples of the currency to show others,B,G,0.0,I,N
60,Brownie Nature Observer,Visit a mountain or seashore or river bank or woodland. Describe or draw what you can see & hear & smell & feel/Carry out a minibeast or bug hunt - look & see if you can spot any of the following: Woodlice or spider or ant or slug or snail or milliped or centipede or caterpillar or ladybird. What else can you find?/Find a spider's web & study it carefully & draw a spider's web/Choose 3 of the following categories & identify 4 of varieties of each of them: butterflies & insects & wild animals & garden flowers & wildflowers & trees & sea creatures,B,G,0.0,I,N
61,Brownie Pack Holiday,Know what you need to bring for a weekend away/Learn how to pack your bag/Learn how to take care of your possessions over the weekend - putting everything away/Take part in all the activities at the weekend (with your Brownie Smile),B,A,0.0,I,N
62,Brownie Performing Arts,Do one of the following: Play an instrument or sing a song OR Copy a rhythm made by the Leader OR Recognise & name one instrument from each section of an orchestra: woodwind & string & percussion & brass OR Name the notes on a treble stave & show that you can name different values of different notes OR Make a percussion instrument & use it to accompany a well-know tune or song OR Talk about music with your friends & find out what they like best OR Take part in a performance with others before in an audience OR Make or design scenery or costumes or props for an entertainment event OR Make a programme for an entertainment event OR By yourself do one of the following (2-3 mins): Act or mime or use puppets to tell a story or Recite a poem or read a short story or Perform a dance or Sing a song or Play a musical piece OR Act as a compére for a show put on by other Brownies OR Learn a folk or national or modern dance & perform it accurately or hold a first grade certificate from recognised school of dancing OR Make up a simple dance to music you like OR On your own or with others make a booklet showing at least 3 different kinds of dance OR Recognise the music of at least four different types of dances or dance styles OR Know the story of two well-known ballets OR Visit the website of a famous dance company & find out all you can about them/Do one of the above/Do one of the above (Earn another badge by completing three different options),B,A,0.0,I,N
63,Brownie Personal Safety,Discuss the importance of the 3 Ws that parents or guardians should know before you go anywhere without them - Where & Who & When/Act out a short play with your Six showing how you would keep yourself safe in one of the following situations: Lost in shopping centre OR Going to the shops OR Going to a friend's house OR On holidays with your family OR At home & phone or doorbell rings/Discuss times or places where you might feel afraid or in danger/List the early warning signs to tell us when we are in danger or afraide. What can you do when you have those signs or feelings?/Discuss the importance of keeping your own possessions safe when you are out & about/Draw a picture & write a slogan which will encourage respect for the property of other people & discourage vandalism,B,G,0.0,I,N
64,Brownie Pet Care,Make a poster or leaflet about your favourite pet animal showing: what it eats AND where it comes from AND what kind of exercise it needs AND how it likes to play/Know where your local vet's surgery is & the opening hours. Explain why your pet might need to visit the vet./Explain what you would do if you found a sick or stray animal/Help to care for an animal regularly for ten days/Tell your Unit about points to be considered before deciding what (if any) pet to own,B,G,0.0,I,N
65,Brownie Road Safety,Know & demonstrate the Safe Cross Code/Identify the different types of road crossings & demonstrate how to safely use them/Explain the safety measures to be taken by a passenger travelling on public & private transport/Know the safety measures to be taken while cycling/Know the common road signs,B,A,0.0,I,N
66,Brownie Robotics,Explore ways in which robots are used in everyday life/Discuss how robots are designed and built/Design your ideal robot & explain the design: why you chose particular parts and materials & the tasks it is able to do and why you chose these tasks/As a Six take part in five Six Bricks activities to learn about colour & building & movement/As a Six take on a robotics challenge using the LEGO WeDo 2.0 or Spike Essential kits & complete at least two building and coding projects (By completing the FIRST® LEGO® League Explore Programme girls are automatically awarded this badge),B,A,0.0,I,N
67,Brownie Safety in the Home,Show how to use a landline & mobile phone to contact emergency services/Know who your family doctor is & where the surgery is/Identify some dangers around the home. Explain why you think they may be dangerous.Explain how you would eliminate the dangers/Identify how the following could be a danger to young children: Plastic bags AND Medicines & pills left within reach AND Scissors & knives & needles & pins AND Chemicals like cleaning fluids & disinfectants AND Matches/Know where to find a working torch in your house for use in an emergency & show how to change the batteries in it/Show how to switch on & off an electrical appliance & know why they should be switches off when not in use,B,A,0.0,I,N
68,Brownie Science Investigator,Complete one of the following: OR Learn about the weather OR Investigate magnetism OR Discover if ice is lighter than water OR In your Six build a structure such as a bridge or tower. Could your structure survive an earthquake? OR Find out how air can power transport & produce renewable energy. Find out about how different forces act on each other OR Explore how science has been used to improve safety OR Make a vehicle & see how far it can travel OR Make a volcano OR Make your own butter OR Make a rocket & launch it OR Make a rainbow OR Make a lava lamp OR Write secret messages with invisible ink OR Investigate the main organs of the body & what they do for us OR Invite a science teacher or someone interested in science to your meeting & find out more about science from them/Complete one of the above/Complete one of the above/Complete one of the above (Earn an additional badge by completing four different options),B,A,0.0,I,N
69,Brownie Space,Explain what makes Earth so special for life/Take part in an activity to learn about the night sky: OR Stargazing - Find the North Star OR Stargazing - Look at the Moon over a few days or nights; how does it change? OR Make constellation patterns/Take a solar system walk. Share what you know about each planet/Make a model space station from recycled material/Make orFire a model rocket/Look for the International Space Station in the night sky. Find out how many astronauts are aboard it right now and what countries they come from,B,A,0.0,I,N
70,Brownie Sportswoman,Keep a log for 4 weeks of your activity which shows how you carried out or took part in this activity/Tell your Unit what equipment & materials & practice time you need for your activity/Show some background information about your activity,B,A,0.0,I,N
71,Brownie Techno,Show how to turn on and off safely a computer or laptop or tablet/Be able to start & run & close a programme/Save something you have created to a hard drive or memort stick/Explain how to care for your ICT devices/Begin to distinguish between fact & fiction in stories found online/List some guidelines to help you use the internet safely,B,G,0.0,I,N
72,Brownie Tree Lore,Recognise at least 6 trees in your local area/Identify the leaves & fruites of 6 trees/Go on a walk with your Pack & point out as many types of trees as possible/Explain the difference between deciduos & evergreen trees/Do a tree study - bark rubbing & leaf print & height and width measurements & whether it has suffered damage & any wildlife that lives in it,B,No,0.0,I,N
73,Brownie Voting,Evaluate the importance of voting & using your vote/Design an election poster with your Six/Hold an election in your Pack/Count the vote/Declare the election result,B,A,0.0,I,N
74,Brownie Water Safety,Illustrate the Water Safety Code/Know why the following can be dangerous: Open water such as lakes & rivers & canals & ponds AND Shallow water AND Cold water AND Standing on iced-over rivers or ponds or lakes or canals/Understand the safety signs & symbols & flags that you may see at beaches or other areas of open water/List places where it is safe to swim & explain why you should never swim alone/Demonstrate the 'reach' & 'throw' methods of rescue with an aid e.g. t-shirt or plastic bottle,B,A,0.0,I,N
75,Brownie World Guiding,Find out what WAGGGS stands for & how many countries are members & colour the WAGGGS World Flag/Know the names of the World Centres & where they are/Know 8 things that we share with Brownies around the world/Learn about Brownies from two other countries & what they are called & what Promise they make & what their Promise badge is. Find their country on a map/Design a World Thinking Day card & send it to someone you know in Guiding/Take part in a World Thinking Day celebration,B,A,0.0,I,N
76,Brownie Writer,Complete one of the following: OR Write an original story OR Write a short poem OR Write a playlet OR Write a letter of thanks OR Write a description of a Brownie event/Complete one of the above/Complete one of the above (Earn an additional badge by completing three different options),B,G,0.0,I,N
77,Guide Active Body,Explain the importance of exercise & what it does for our bodies/Show some exercises for warming up before taking exercise & stretching your muscles & cooling down afterwards/Complete one of the following: OR Using a rope skip forwards for three minutes. Demonstrate two other skipping movements OR Perform a full set of aerobic exercises which exercises every part of your body to music OR Cycle 5km OR Jog or run 2km OR Skate for 20 mins OR Swim 100m OR Walk briskly for 20 mins OR Take part in a fitness trail OR Perform a variety of gymnastic moves OR Throw and catch a ball over 6m with a partner 10 out of 12 times OR Throw a ball from 4m & hit a target 30cm square OR Run for 25m bouncing a basketball OR Demonstrate two simple yoga techniques OR Demonstrate some GAA skills with a hurl or handball or football/Complete one of the above/Complete one of the above/Complete one of the above (Earn another badge by completing three different options),G,A,0.0,I,N
78,Guide Art and Craft,Complete one of the following: OR Know the primary colours. Mix them to make other colours. Take one colour and make several shades of that colour OR Make a pattern you like using colour & shape & texture OR Create a textured collage OR Make a poster to illustrate one of the Guide Laws OR Make an item using decorative stitches & fabric OR Knit an article of your choice OR Knit a 12cm square showing three different stitches OR Print a piece of material using a lino-block or potator cut or screen or tie-dying or fabric paints OR Model a figure or animal or mood in clay or plasticine or wax OR Make a carving in a medium softe enough to cut easily (e.g. clay or plaster or wood or soap or salt) OR Make a pot OR Make a basket OR Weave an article that is either useful or decorative OR Make an article in leather OR Make a mosaic OR Make a tapestry OR Make an article using macramé OR Make an article using patchwork OR Make an article using some other craft of your choice OR Make a friendship bracelet OR Sew your badges on to your sash or bag or camp blanket OR Design a card using quilling or calligraphy or decoupage OR Make a flower arrangement OR Make a soft toy OR Make clothes for a doll. Bring dressed doll to the tester OR Make a mobile OR Make a board game OR Make a toy from recycled material OR Make a toy of your own choice OR Make and decorate a 'shoebox room' to incorporate furnishing & wallpapering & painting & etc./Complete one of the above/Complete one of the above/Complete one of the above (Earn another badge by completing four different badges),G,A,0.0,I,N
79,Guide Arts Appreciation,Complete one of the following: OR List different genres of films OR Watch one film from 3 genres. Talk to your Patrol about your choices. Where possible watch at least one of the films in a cinema OR Explain what the film classifications are and why they are used. Explain the role of IFCO OR Explain the difference between a preview and a review. Write a review of a film that you have seen recently OR Choose an Irish film star or director whose work you admire. Discuss the person's role within the film OR Create a display about the classical music you like best; where you hear it; who plays it and why you consider it enjoyable OR Explain why The Great Composers' music is still being played over radio & television & in packed concert halls throughout the world. Name three Great Composers & list some of their famous works OR Talk about some musical event you attended recently; school concert or rock or an operetta or musical or oratorio OR Name the four sections of the classical orchestra and some of the instruments in each. Pick one of the instruments & discuss its sound & the way it is played. Name one piece of music in whic it features prominently OR Create a display about the music you like best; where you hear it; who plays it & why you consider it enjoyable OR Make a presentation on your favourite group. This should include its history & the progress it's making OR Select an individual singer and find out as much as you can about them. Explain how you feel about them as a) a musician and b) a person OR Select a song you like & explain its content & meaning & the message for you. Select another song you dislike and tell why you don't like it OR Survey your Patrol about their favourite songs & why they like them OR Attend a theatrical performance OR Write a review of a show or play that you have attended OR Choose a playwright whose work you admire and describe why OR Outline the main features of a theatre & list 5 well known theatres in Ireland OR Attend an exhibition. Describe your favourite piece and who the artist is OR Describe your favourite piece of visual art & why the piece appeals to you OR Choose an artist whose work you admire & describe why OR Investigate different types of visual arts & discuss these with your Patrol/Complete one of the above/Complete one of the above/Complete one of the above (Earn another badge by completing 4 different options),G,No,0.0,I,N
80,Guide Aviation,Investigate two of the following aviation careers: OR Flight planner OR Pilot OR Engineer./List 3 different aircrafts that Aer Lingus use and make a model of one of them. Have a competition within your unit to see which model flies the highest or the furthest or the longest etc. and explain why./Investigate the life and accomplishments of important women in the history of aviation or read the story 'When Our Plane Hit the Mountain' by Suzanne Barnes. Do a brief biography outlining their contribution and present it as a song or poem or poster or video or another format.,G,A,0.0,I,N
81,Guide Book Lover,Know what library facilities there are locally/Choose an author whose books you like to read & explain why you like them/Read a book from four different genres: fiction or travel or biography or animal or outdoor or historical. One of the books should be by an Irish author. Give a brief account of each book/Read four poems (two by Irish poets). Say why you like or dislike them/Show how to use a reference book,G,B,0.0,I,N
82,Guide Camper's Way Bronze,Spend at least 2 nights at Guide camp/Produce a full & correctly packed camp kit/Assist in pitching & striking & packing a Patrol tent/Learn what the patrol duties are & actively participate in them/Help prepare your tent for inspection/Take part in an outdoor campfire & understand the safety precautions needed around a fire/Be aware of what precautions are necessary when using stoves or fires/Know what CO & MO & QM stand for/Complete one of the following: OR Learn how to make two camp gadgets OR Successfully tie your bedding roll & play a game throwing it in order to test it OR Learn 2 knots that are useful at camp OR Recognise three itmes that will start fire quickly & three woods that keep a fire burning & three woods to be avoided,G,A,0.0,I,N
83,Guide Camper's Way Silver,Have gained Campers Way Bronze at a previous camp and camp for a minimum of 2 nights./Produce a full personal camp kit correctly packed and explain why each item is needed./Be responsible for pitching & striking and packing a patrol tent. Know how to care for your tent in all weathers./Know how to keep yourself healthy in camp./Help with preparing & cooking & serving a hot meal./Be responsible for explaining the Patrol duties to a first time camper./Make two camp gadgets./Know where the camp First Aid Kit is stored and explain why each item is needed. Know who your MO is and what her responsibilities are./Help plan and organise an activity at camp.,G,A,0.0,I,N
84,Guide Camper's Way Gold,Have gained Campers Way Silver at a previous camp and camp for a minimum of 2 nights./Help with the planning of camp./Demonstrate to first time campers a correctly packed personal kit and bedding & explain why each item is needed./List the responsibilities of the CO and QM./Plan a balanced menu with your QM.With QM prepare and cook one of these meals & clean up afterwards with the help of your Patrol./Know what equipment is needed for camp. Know how to care for & store all equipment at camp./Teach other Guides how to pitch & strike & pack a Patrol tent./Know how to care for your tent in dry or wet or windy weather./Make 2 camp gadgets using lashings./Carry out a safety assessment of your campsite./Describe the dangers of an unhygienic camp./Produce a camp book to include songs & sketches & graces./Plan and run an activity while at camp./Complete one of the following: OR Pitch a toilet tent OR Erect a fire shelter OR Know how to store food correctly and safely at camp OR Construct a wood pile OR Demonstrate how to use and store an axe and saw correctly and safely,G,A,0.0,I,N
85,Guide Campfire Leader,Take part in all campfire activities at the event you have chosen to attend./Compile a campfire songbook containing at least 20 songs of a wide variety that you have learned./Lead some of these activities. (The Guide’s sense of fun and participation are more important than the ability to sing.),G,No,0.0,I,N
86,Guide Car Care,Demonstrate how to change a wheel (with help). Know how to put air into tyres./Describe how to check the following: AND oil AND water in radiator AND the windscreen washer fluid./Be able to read the indicators on the instrument panel and know their significance./Identify 15 road signs as outlined in the Rules of the Road./Clean and polish a car and know the care of inside upholstery.,G,No,0.0,I,N
87,Guide Care of the Elderly,Investigate what facilities and organisations are available in your community for elderly people. Learn more about one of these./Discuss one of the following: • What self-aids are available? • The causes and signs of hypothermia in an elderly person • How to summon help for an elderly person who has fallen or is unwell/List 3 ways (give an example and time frame) you can help the elderly in your community. Participate in or complete one of these./Discuss what we can learn from the elderly people in our community.,G,No,0.0,I,N
88,Guide Child Care,Complete approximately 10 hours of supervised child minding to include play & eating and bedtime routine (not babysitting). An adult should be within calling distance./Describe how a child should be dressed indoors and out of doors in all weathers./Demonstrate how to change a nappy. Dispose of the soiled nappy satisfactorily./Make a list of games & activities and stories to engage the child./Using a catalogue pick toys for a variety of ages and discuss their suitability./Assist at one mealtime. Outline the dangers of unsupervised feeding and unsuitable food./Explain how to keep a home safe for young children./Outline how to cope with choking & cuts & grazes & nosebleeds./List the information that should be left with a babysitter when parents are going out.,G,No,0.0,I,N
89,Guide Chocolate,Explore the history of chocolate and how chocolate is made./Investigate how many companies now produce Fair Trade Chocolate products. Compare a Fair Trade bar with an ordinary bar. How do they compare on price & packaging and taste?/Design a wrapper for a chocolate bar./Make at least two of the following using chocolate: • Ribbons • Curls • Leaves • Baskets • Writing • Boxes • Cut-outs • Ganache/Make up a game using chocolates and play it with your Patrol./Make a selection of sweets using melted chocolate. Work out how much they cost and compare the price to bought chocolates.,G,No,0.0,I,N
90,Guide Community Action,Choosing one of the following areas complete a specific project that will enable you to make a difference. The project: must be planned carefully & may be completed individually or with other Patrol members & should be worked on for a minimum of 10 hours: OR Action in the lives of people in your local community: You could choose to work with or for children or older people or people with a disability. OR Action for the local environment: This may include projects such as bulb planting or cleaning the local river or providing bird or bat boxes. OR Action on a global concern: You could find out about projects sponsored by charity organisations or perhaps choose a wildlife issue.,G,No,0.0,I,N
91,Guide Cook,Know the different food groups and plan a meal for your family using these groups. List and cost the ingredients for your meal./Know how to use a cooker and microwave safely./Prepare and cook any four of the following: Rice Pasta Potatoes Vegetables Red meat Fish Poultry Biscuits Buns Cakes Pizza Coeliac Friendly dish Vegetarian dish/Cook something using a recipe you haven't used before and bring it to Guides./Wash up utensils & boards etc. and know the care of these./Follow safe food handling practices./Explain how to work safely in the kitchen.,G,B,0.0,I,N
92,Guide Cultural Diversity,Through games or activities explore the concept of identity./Explore young people’s values and attitudes to diversity./Explore the difficulties and misunderstandings that can occur when communicating with others. Identify ways of overcoming these./Take part in games/activities that will help you identify the feelings of being included/excluded. Discuss where this could happen in life and the feelings it brings./Make a craft/ take part in a game/activity that celebrates differences and uniqueness./Celebrate an International Cultural Festival.,G,A,0.0,I,N
93,Guide Cybersecurity,Passwords: Understand what passwords are & what makes up a strong password and best practice on password creation./Safe Gaming: Understand how to stay safe online while gaming and what to watch out for./Staying Safe Online: Understand what is safe to share online & what you should not share online and tips for staying safe online.,G,B,0.0,I,N
94,Guide Cycle Safety,Show that you can ride and control a bicycle. Cycle 5km with a tester./Demonstrate how to complete the M Safety Check of your bike./Mend a puncture and keep your bicycle cleaned and oiled./Explain the Rules of the Road & the legal requirements for cyclists with regard to lights and lighting up times./Be aware of situations where cyclists can cause a danger to other road users./Be aware of the dangers to cyclists arising from unsuitable clothing and carrying articles carelessly. Know the importance of wearing reflective bands and a cycling helmet.,G,A,0.0,I,N
95,Guide Disability Awareness,Investigate at least 3 different types of disabilities e.g. intellectual or physical or sensory or emotional and mental health or developmental and autistic spectrum./Explain how a disability can affect someone’s life- communication difficulties or opportunities for education and employment or how other people see the disability rather than the person etc./Identify 5 different organisations in Ireland who work for people with a disability./Support one of these organisations in some way - donating or fundraising or volunteering./Research someone famous who has a disability or condition described above./Evaluate the building in which you meet and find out how suitable it is for people who have a physical disability.,G,A,0.0,I,N
96,Guide Discovering Faiths,Attend a place where you hear about your faith. This may include a church or temple or mosque or synagogue or school assembly or parish youth group or Sunday School./Choose one of the World Religions and find out about 5 different important elements of that faith./Read a book or watch a video or hear about someone whose faith played an important role in the way they lived their life. Talk to your Leader about your chosen person./Describe how the Promise helps you in your life. Write a personal prayer or reflection or poem about keeping the Promise and use it at a suitable time in your Unit./Identify what a Guides’ Own is and why we have one in Guides. Help plan a Guides' Own.,G,B,0.0,I,N
97,Guide Drug Awareness,The WAGGGS Drug Awareness Code says ‘Stop & think and decide to say NO to drugs’ Make a short advertisement to promote this./Identify Harmful Substances and what impact they can have on your health./Look at how personal choice & peer pressure and possible consequences influence our decisions in situations involving alcohol & drugs and tobacco./Practice making good choices – options & consequences & decision-making.,G,A,0.0,I,N
98,Guide Engineering,What is engineering? a. Play an engineering game. b. Find examples of engineering. c. Imagine Planet Earth in 50 years. Think of possible engineering solutions for future problems./Investigate engineering principles in your patrol./Carry out the oil spill project./Take on an engineering challenge following the engineering design process: brainstorm & draw & construct & debrief. e.g. making a mechanical hand or a camp wash stand or a roller-coaster or an iconic bridge or improving car safety etc.,G,A,0.0,I,N
99,Guide Entrepreneur,Collect as many company or organisation logos as possible and use them to run a game with your Patrol./Imagine your Patrol is going into business. Brainstorm ideas in your Patrol for a product/service that your imaginary business will develop./Design your company logo explaining its elements and design./Put together a plan to market and sell your product/service. Investigate the costs of putting your product/service into production./Distinguish between the types of E- commerce and discuss the one that best suits your business.,G,No,0.0,I,N
100,Guide Environmental Awareness,Understand the seven principles of Leave no Trace./Investigate where the recycling facilities are in your area./Identify different types of pollution & how they affect your area and the wider world./Compare renewable and non-renewable energy sources. Identify how renewable energy sources can be used in a home.Keep a diary of the journeys you make during a week. Explain what the most environmentally friendly methods of transport are. Discuss ways your family could reduce its carbon footprint./Choose an action to improve your environment and carry it out.,G,No,0.0,I,N
101,Guide Europe,Learn about why the European Union was formed in 1957 and when Ireland joined/Buy a newspaper and identify three stories involving Europe/Celebrate an International Cultural Festival e.g. host a Eurovision Talent Competition/Make a poster on why Ireland is a member of the European Union/Invite a VIP to visit your unit to come and talk about the European Union Note: VIP could include MEP or Minister or TD or Senator or EU member state Ambassador or City or County Councillor etc.,G,A,0.0,I,N
102,Guide Farmer,Complete one of the following: OR Describe a number of farm safety guidelines including: the working environment & animal & chemicals & machinery OR Have a working knowledge of the tractor. OR Describe the function of three of the following: plough or cultivator or harrow or roller or corn drill or sprayer or combine harvester or forage harvester or mowing machine or swathe turner or baler and fertiliser spreader. OR Have spent at least 5 days on a farm helping as much as possible and keep a log of your experience. OR Have knowledge of the different types of farming practiced in your area and describe the yearly sequence. OR Describe some of the natural resources that can be farmed in Ireland. OR Look after (or help to look after) & feed and keep clean regularly for two weeks any farm animal or poultry. OR List the necessary equipment required to look after your livestock. OR Describe the collection method of your animals' waste produce (e.g. slatted sheds & straw bedding.) OR Describe three different breeds of the livestock you are caring for OR Explain the feeding & housing and general care requirements of your livestock in winter and summer. OR Recognise the signs of illness in livestock and what you should do to care for it. OR Know how long the gestation periods are for three types of livestock. OR List the necessary equipment to look after your livestock correctly OR Describe the collection method of your livestock’s produce. (Arable or tillage) List the most common farm crops grown in Ireland. OR Describe the process from preparing the land to harvesting the crop OR Describe the process of care in both organic and non-organic farming. OR Explain the value of market gardening/Complete one of the above/Complete one of the above/Complete one of the above (Earn another badge by completing 4 different options),G,No,0.0,I,N
103,Guide Fire Safety,Take part in a fire drill at your meeting./Carry out a routine fire safety check and make a fire escape plan for your home using EDITH (Evacuation Drill in The Home)./Know how to summon the Fire Brigade and what to do while awaiting its arrival./Explain what to do when fire breaks out near you (both indoors and out-of-doors.)/Demonstrate what to do if your or someone else’s clothes catch fire./List the different types of fire extinguishers available and explain why different types are necessary/Outline the dangers of gas (both bottle and mains) and what to do if a leak is suspected./Describe how to deal with chimney and hearth fires./Demonstrate how to get out of a building when fumes and smoke are present./Design an awareness campaign to show the dangers of fire and the precautions that should be taken to prevent fire. (Where possible visit a fire station or invite a fire officer to your meeting.),G,A,0.0,I,N
104,Guide First Aid,Practice the importance of remaining calm & getting help & taking control of the situation in the critical moments before help arrives/Describe why you must think of your own safety before helping a casualty/Explain how and why you need to protect yourself when dealing with blood/Discuss ways to reassure the casualty that help is on the way and keep them comfortable/List three things that can cause somebody to go into shock and describe how to help them/Demonstrate how to treat: AND a graze AND a nose bleed AND a cut with any foreign body in it/Demonstrate how to treat a wasp and bee sting/Describe the difference between burns and scalds and how to treat them/Explain the best way to initially treat a sprain/Demonstrate how to find a pulse/Demonstrate how to treat somebody who is choking/Describe what to do if a casualty is not breathing/Demonstrate how to put a casualty in the recovery position. Explain why and when you would do this/List the contents of a First Aid Kit suitable for home use and explain what each item is used for.,G,A,0.0,I,N
105,Guide Global Traveller,Complete one of the following: OR Explain when you need to have a passport and how to get one OR Find out what €1 is worth in two currencies outside the Euro zone. Find out how you can change money into a foreign currency OR In a language other than your own make a collection of useful words and phrases that would help you communicate while travelling OR Explain why it is useful to keep a list of medications or conditions or allergies a person may have with their passport OR Discuss why you may need vaccinations when travelling abroad & where to get the appropriate information and vaccinations OR Discuss what basic medications to take with you when travelling abroad OR Cook an international dish on a lightweight stove OR Choose a holiday destination and make a list of all the things you would need to pack when travelling there OR Plan and make a visual record of a journey e.g. using postcards or photographic slides or prints or video./Complete one of the above/Complete one of the above/Complete one of the above (Earn another badge by completing 4 different options),G,B,0.0,I,N
106,Guide Green Fingers,Grow a flower and a vegetable or herb of your choice from seed or bulb or tuber/Name six garden tools and how to care for them/Identify the most common pests and how you would control them/Explain the difference between plants suitable for indoors and outdoors and the care and feeding of same/Outline the precautions to be taken when using chemicals in your garden/Be able to identify some of the most suitable foliage and flowers suitable for flower arranging,G,B,0.0,I,N
107,Guide Guiding Traditions,Complete one of the following: OR Participate in a flag ceremony and demonstrate how to fold a flag and know how to hoist colours. OR Show that you know the whistle signals and the hand signal for silence OR Tie a reef knot and a packer's knot. Demonstrate their use on a parcel or bedding roll OR Guides march formally into a horseshoe. Find out how this is done and participate in this opening ceremony OR Lay or follow a trail using woodcraft signs OR Strike a match correctly and light a candle OR Use Scout's pace to cover 2km and at the end deliver the verbal message you were given at the start OR Use semaphore to send and read a simple message OR List ten significant facts about the history of Guiding. Share this information with your Patrol in the form of a quiz or game or poster OR Set a map with a compass and walk on a bearing OR Know and demonstrate a method to stop the fraying of a rope OR Know how to use an axe and saw safely OR With your Patrol plan and do a pioneering activity (eg make a rope ladder or haymaker bridge or swing) OR Make and use a buddy burner OR Learn the words of the World Song and sing it with members of your Patrol OR At a campfire prepare and cook dampers OR Make a lanyard to wear at camp OR Learn two graces and teach them to your Patrol OR Demonstrate the international symbol of recognition when meeting another Guide OR Learn how to play Captain Ball and take part in a game/Complete one of the above/Complete one of the above/Complete one of the above/Complete one of the above (Earn another badge by completing 5 different options),G,A,0.0,I,N
108,Guide Healthy Body,Identify the important nutrients & food groups needed for a balanced diet/Discuss the importance of a balanced diet/Plan meals for different occasions that are well balanced & nutritious & interesting and suitable for the occasion/Know what immunisations and vaccinations you have received and what others might be desirable/Know some ways to prevent the spread of infections/Find out about natural remedies for common illnesses/Discuss the importance of oral hygiene/Look at the basics of hair care and discuss the products you use.,G,A,0.0,I,N
109,Guide Healthy Friendship,Explore the meaning of friendship. Recognise the qualities that make you a good friend/Look at your network of friends and discuss the differences between associates & acquaintances & other friends & good friends/Recognise and appreciate differences in others and how our actions can influence and affect others/Recognise & discuss & understand bullying and its effects/Identify ways individuals can deal with being bullied & knowing that others are being bullied & being a bully.,G,A,0.0,I,N
110,Guide Healthy Mind,Identify personal qualities & strengths & interests & limitations and abilities/Give positive affirmations to others in your Unit and accept them in return/Give examples of different feelings and strategies for dealing with them/Learn positive communication skills (both speaking and listening)/Identify what stress is & how it is caused & signs of stress in ourselves/List ways of dealing with those stresses and reflect on how talking can help you cope with stress/Identify the IGG tagline,G,A,0.0,I,N
111,Guide Hiker,Complete three hikes keeping brief notes. They should be interesting hikes planned to visit a local vantage point or historical site or bird watching etc. Make sure never to go alone/Know the Leave No Trace message/Assemble a pocket first aid kit suitable for hiking/Discuss the food that you take on your hikes - its nutritional value and variation for different times of the year and know what emergency rations are/Explain about personal safety when hiking,G,No,0.0,I,N
112,Guide Holiday,Participate in a Guiding holiday of at least two nights (at home or abroad & indoors or outdoors)/Have the right kit for the Guiding holiday and participate fully in all activities and Patrol duties/Keep a logbook or diary which includes illustrations,G,A,0.0,I,N
113,Guide Hostess,Write a letter inviting a guest to a suitable event/Prepare all food and refreshments and decorations/Greet guest(s) and make them feel welcome and introduce your guests to each other/Lay out and serve food or refreshments correctly in a pleasant atmosphere/Ensure all guests are included in the conversation/Bid guests goodbye/After guests have left tidy up and clear away.,G,B,0.0,I,N
114,Guide Independent Living Skills,Complete one of the following: OR Understand the importance of shopping on a budget. Make a list of everything you use in a week like toothpaste and soap and find out how much it all costs. How could you reduce the amount of money you spend? OR Make a game or quiz that helps your Patrol understand the importance of storing food correctly and preparing it safely and hygienically OR Explain the meanings of the symbols you find on washing labels in your clothes. Wash and iron an item of clothing. Know why it is important to keep clothes clean and fresh OR Understand the care and maintenance of the laundry equipment you use at home OR Put together a sewing box to enable you to make simple repairs such as turning up a hem or sewing on a button. Be able to suggest different methods of making repairs (e.g. using Velcro or Wundaweb) OR Understand what services a household needs to function such as electricity or water or waste collection. Find out how to pay for these and how to call out a service team if you have a problem OR Carry out and be able to describe three of the following: a) The weekly cleaning and vacuuming of a room & emptying and unblocking a vacuum cleaner or b) The cleaning of the bathroom and disinfecting of bath or shower & sink & toilet or c) The cleaning of one of the following: cooker or kitchen range or fridge or dishwasher or microwave or d) The cleaning out of the fireplace and resetting the fire & the care and maintenance needed for a gas fire OR Make a simple first aid kit and demonstrate how to treat cuts & burns & insect bites & bruises. Explain the importance of hygiene when doing first aid and how to store and use medicines correctly OR Be able to read a bus or train timetable OR Address an envelope and fill out an application form OR Take a telephone message accurately and pass the message on after a time lapse OR Send an email to a friend and use a website to find out information that is useful for young people OR Talk to a young person who has left home to go to Guide Camp or the Gaeltacht. Find out what issues she has faced such as budgeting or looking after herself and her belongings or homesickness. How has she coped?/Complete one of the above/Complete one of the above/Complete one of the above (Earn another badge by completing four different options),G,B,0.0,I,N
115,Guide Irish Culture and Traditions,Complete one of the following: Make a recipe book containing at least 10 Irish dishes OR Cook something traditionally associated with Ireland OR Bake a soda cake or brown bread and share it with your Patrol OR Design a dessert for an Irish themed party OR Read a paragraph or newspaper article or short story written in Irish and be able to answer questions to show you understand the content OR Show that you are capable of holding a conversation in Irish on everyday topics such as home & school & hobbies & TV & news items & the locality OR Say the Promise in Irish OR Recite your favourite Irish poem OR Investigate 3 famous Irish legends. Choose one and dramatise it for the Unit OR Discover legends and traditions associated with your local area OR Identify a number of Irish proverbs and illustrate one with Celtic designs OR Find out about the origins of your town or village and present your findings OR Speak to somebody who has lived in your area for more than 15 years. Together identify a number of the changes that have occurred OR Visit a museum or church or building or place of historic orcultural importance in your area OR Find out the meaning of a coat of arms in your county or town and explain it to your Patrol OR Name one famous person in your area and know what made them famous OR Demonstrate your dancing skills at your Unit meeting by performing a Reel or Jig or Hornpipe. OR Take part in any position in one of the following multi figure dances - Siege of Ennis or Walls of Limerick or Haymaker's Jig OR Be a member of a recognised set-dancing group and have performed in public OR Recognise a tune and be able to keep the correct time OR Play or sing an Irish folk song OR Name some of the instruments you would expect to hear in a traditional group OR Describe what uilleann pipes are and name a piece of music that is played on them OR Explain why the harp is our National Emblem OR Recite or sing the chorus of the National Anthem OR Make a St Brigid’s Cross and explain its significance OR Recognise the different Aran stitches and their meanings OR Make a traditional St. Patrick’s Day item OR Crochet an article of your choice OR Make a piece of Irish craft/Complete one of the above/Complete one of the above/Complete one of the above (Earn another badge by completing four different options),G,A,0.0,I,N
116,Guide Lady Baden Powell,Complete your Lord Baden Powell badge/Discover as much as you can about Lady Baden Powell and her contribution to Guiding/Make up a game or activity to help teach your Patrol about Lady Baden Powell’s influence on the birth of Guiding/Complete another 2 of the following badges: OR Guide Campers’ Way Silver OR Guide Campfire Leader OR Guide Guiding Traditions OR Guide Outdoor Cook OR Guide Rambler OR Guide Team Player,G,No,0.0,I,N
117,Guide Lord Baden Powell,Discover as much as you can about Lord Baden Powell and why he started Scouting/Outline how Guiding evolved from what Lord Baden Powell started in Scouting/Complete 2 of the following badges: OR Guide Campers’ Way Bronze OR Guide Campfire Leader OR Guide Guiding Traditions OR Guide Outdoor Cook OR Guide Rambler OR Guide Team Player,G,No,0.0,I,N
118,Guide Map Reader,Locate north by the sun & stars & a compass/Demonstrate that you can find a place on a map by grid reference and find the grid reference of a given place/Measure on a map the distance between two places/Demonstrate how to find the way from one point to another following: AND A street map AND An Ordnance Survey map/Draw out a rough sketch map of your local area marking the key services for a visitor using the necessary conventional mapping signs/Examine your neighbourhood thoroughly so that you can give directions to a visitor to your area within a radius of 3 or 4km (country) or 1.5km (town) of your home.,G,No,0.0,I,N
119,Guide Money Matters,Describe where and how you can save on a regular basis. Explain how you would open an account. Show that you have saved regularly for 3 months/List the advantages and disadvantages of online banking/Research different mobile tariffs to find the best deal for you/Plan a redesign of your bedroom - on a budget of €200 and on an unlimited budget/Record your expenses for a month & suggest where savings could be made/Plan the budget for an outing with your Patrol.,G,B,0.0,I,N
120,Guide Nature Observer,Complete one of the following: OR Recognise at least six common birds in your area by sight OR Visit a habitat where you will see a selection of birds in their own environment (e.g. River or Seashore or Woodland or Town Park) and record the birds you see OR Name some summer and some winter visitors to Ireland OR Explain how and why some birds migrate OR Know the care needed when watching birds and how thoughtless behaviour can disturb nesting birds OR Make a bird feeder and know the correct foods to put in it. Keep a record of the birds that visit your feeder every day for at least 10 days OR Recognise 10 common trees OR Study four trees in detail describing their twigs & leaves & fruit & bark & seedlings OR Describe the uses and importance of trees in our environment and the advantages of mixed woodland OR What is Coillte and what does it do OR List places in your own locality where you can observe wildlife. Tell how you know that there is wildlife present OR Choose 5 of the following categories and identify 3 varieties of each of them: butterflies or insects or wild animals or garden flowers or wildflowers or trees or sea creatures OR Forecast the weather and show records of observing the weather for a week OR Identify three cloud types OR Where does the prevailing wind come from where you live and what effect does it have on your environment OR Make a simple rain gauge or a wind vane. Know how to use it OR Identify the environmental factors which influence the weather./Complete one of the above/Complete one of the above/Complete one of the above (Earn another badge by completing 4 different options),G,B,0.0,I,N
121,Guide Online Surfer,Read the Irish Girl Guides’ Internet Guidelines for Girls/Discuss responsible use of social media and the effects irresponsible behaviour can have on yourself & your friends & your community/Identify the types of online activity that are illegal/Examine your ‘life online’ – how long do items remain online? What can you find out about a person online?/Design an online usage agreement – including usage & what to do if you come across upsetting material or fun material & meeting people & treating people respectfully & password protection & sharing personal information & permission/List rules about meeting people in person that you have first met online/Outline plans for coping with online harassment and bullying/Demonstrate appropriate respect for others online. If possible invite your Community Guard to a Unit meeting to discuss respectful online communication,G,B,0.0,I,N
122,Guide Outdoor Cook,Plan a balanced meal for two people and choose at least two methods of cooking that suit the heat source and the menu. Include at least two hot courses. Include one fresh vegetable or fruit and one other fresh food/Prepare and cook all the food demonstrating good food hygiene practices and how to keep the food hot/Know how to care for the type of heat source you are using and the safety precautions required/Clear away and wash up after the meal. Dispose of or recycle all rubbish appropriately and clear up the heat source correctly/Have (and be able to use) a pocket first aid kit suitable for coping with accidents that may arise when cooking out of doors. Know how to treat scalds and burns (Complete badge using an outdoor heat source. Subsequent badges may be earned by using a different heat source) ,G,No,0.0,I,N
123,Guide Performing Arts,Complete one of the following: OR Play an instrument and talk about how you are improving your skill OR Name the notes on a treble stave and show that you can name different values of different notes OR Play three pieces in different keys & times & speeds OR Choose a famous instrumentalist and investigate the development of their career OR Give a performance of not less than three minutes duration including one or more of the following: reciting or miming or telling a story OR Help make scenery or costumes or props for a performance OR Either alone or with members of your Patrol entertain others for at least five minutes in one or more of the following ways: Giving a puppet play or Dramatising a ballad or story or Making a shadowgraph or Taking part in a concert or play or Performing an item of your own choice OR Take part either backstage or on stage in a full-length production OR Order from highest to lowest the following voice ranges: Mezzo; Contralto; Bass; Tenor; Soprano; Baritone OR Sing from memory any two songs of contrasting character OR Perform a simple ear test OR Perform a new song suitable for a Guiding event OR Choose a male and a female singer you admire and tell the tester why OR Learn a folk or national or modern dance and perform it accurately or hold a certificate of a recognised school of dancing. OR Perform a short dance that you have learned OR Select a short piece of classical or jazz or contemporary music and put your own interpretation on it using a theme OR Recognise the music of at least four different types of dances or dance styles OR Know the story of two well-known ballets OR Visit the website of a famous dance company and find out all you can about them OR Introduce a speaker OR Propose a vote of thanks to a speaker OR Read a prepared prose piece for 2 minutes and a previously unseen prose piece for 2 minutes OR Recite a poem from memory and read a previously unseen poem OR Speak for 4 minutes on a subject of your own choice. Visual aids may be used/Complete one of the above/Complete one of the above/Complete one of the above (Earn another badge by completing four different options),G,A,0.0,I,N
124,Guide Personal Safety,Discuss what a risk is and how you can recognise risks to yourself and your friends in different scenarios. List ways that you can reduce or remove those risks. Decide whether the benefit of the activity outweighs the risks involved/Discuss the importance of the 3 Ws that parents/guardians should know before you go – Where you are going? Who you are going with? When will you be back?/Explore ways that you can keep yourself safe when you venture out alone or with friends – the pros and cons of keeping in touch by mobile phone & the safest routes to use etc./List the basic rules for staying safe on the internet and when using your mobile phone/List the early warning signs to tell us when we are in danger or afraid (butterflies or stomach ache etc.). Discuss the importance of listening to those early signs when you experience them and doing something about it.,G,B,0.0,I,N
125,Guide Pet Care,Help be responsible for the care of your pet – food & water & cleanliness & exercise etc. List ways to protect your animal’s health/Imagine that you are going on holiday for two weeks and a friend is going to look after your animal. Leave your friend clear instructions about how to take care of it. Make it clear what your friend should do in case of an emergency/Outline symptoms to help you recognise if your pet is unwell and describe the actions required to take care for it/Identify any legal requirements that apply to your pet/Name your nearest animal rescue centre and identify what you can do if you come across a sick or stray animal/Explain what ISPCA stands for and describe some of the work it does,G,A,0.0,I,N
126,Guide Photographer,Make a collage of photos taken by you. Include different subjects from at least 3 of the following: OR interior OR portrait OR landscape OR architecture OR instantaneous action OR flowers OR birds OR Guide activity OR a copy of a photo or drawing or painting/State the reasons for the most common photographic errors/Take a photo and show it in its unedited state and then after editing (e.g. photo shop or special effects)/Discuss the pros and cons of altering photographs/Visit an experienced photographer or photographic exhibition or read a photographic magazine and describe one thing that you learned,G,No,0.0,I,N
127,Guide Rambler,With a group (if possible your own Patrol) go on 3 rambles of different lengths and in different directions/Tell the tester about these rambles and point out on a map the routes you have followed/Model suitable & unsuitable clothing & footwear and equipment for rambling in a variety of weather conditions/Discuss the safety precautions you need to take when rambling,G,No,0.0,I,N
128,Guide Road Safety,Complete some activities supplied by your Leader using full concentration and then do them while texting or talking and discuss what happens. How do you think this would affect your safety on the road?/Make a list of safety precautions you should take while walking and cycling/Demonstrate your understanding of the road signs which should be obeyed by pedestrians and cyclists/Explain the safety measures to be taken by a passenger in public and private transport/Design a media campaign to promote Road Safety issues related to Guide age group,G,A,0.0,I,N
129,Guide Robotics,Describe where and how robots are used in everyday life./Discuss how robots are designed and built/Design your ideal robot & explain the design - why you chose particular parts and materials & the tasks it is able to do and why you chose these tasks/As a Patrol take part in Six Bricks activities to learn about colour & building & movement/As a Patrol take on a robotics challenge using the LEGO Spike Prime kit. Build a moving robot and code it to complete a challenge. Share your design and code with your Unit/Document and discuss any challenges you had with your robot design and build and any improvements you made. (By completing the FIRST® LEGO® League Explore or Challenge Programme girls are automatically awarded this badge.),G,A,0.0,I,N
130,Guide Safety in the Home,Know how to contact the emergency services and be able to stay calm and give the correct information needed/Know the name & address & contact details of your family doctor/Give examples of poisonous items that may be found at home. Explain why it is important they be stored and labelled correctly and tell what steps should be taken if poisons are swallowed accidentally/Know the correct way to dispose of out-of-date medicines safely/Explain what safety routine should be followed before going to bed/Describe appliances that might be a potential danger in your bedroom and other places in the home/Know how to turn on pr off mains ESB & water & gas etc. in your home.,G,A,0.0,I,N
131,Guide Science Investigator,Plan and undertake experiments or research in two of the following areas. Show you understand the science behind what you have done. OR Weather - learn about predicting & measuring & preparing for weather OR Crime Scene Investigation – find out what happens when a crime is being investigated. OR World of the future – how do developments in science and engineering improve the way we live? OR Flash bang goo – can mixing things change what they do? OR Night Sky – identify 3 constellations and the legends connected with them./Do one of the following: OR Visit a museum or farm or science centre or zoo or botanical garden or science festival or aquarium or nature reserve or attend a university or school extra-curricular day. OR Ask a scientist or engineer or medical professional to talk to you about their work. OR Find out more about two famous scientists,G,A,0.0,I,N
132,Guide Skin Care,Find out your skin type and know how to follow a good skin care routine/Prepare your own face mask using natural ingredients/Know how to appropriately apply make-up and the importance of removal/Know the importance of using sun cream/Demonstrate how to care for your hands and nails/Describe ways to care for your feet,G,No,0.0,I,N
133,Guide Space,Identify three constellations and the legends connected with them/Make a poster or model or video to share four facts about any of the items listed below with a member of Ladybirds or Brownies or another Patrol in your Unit: OR Mars - ExoMars or Mars Express OR Jupiter - Galileo OR Saturn - Cassini and Huygens OR Mercury - BepiColumbo OR Venus – Venus Express OR CHEOPS mission that studies exoplanets OR Rosetta and Philae mission that studied a comet/Complete one of the following: OR Describe two significant events in space exploration. Which countries were involved? When did it happen? OR Discover more about Irish women working in the space sector Write a letter to one of these women. OR Find out when a planet or the International Space Station is visible and plan to observe it OR Survey your area for light pollution. How many stars can you see? Can you see the Andromeda Galaxy or the Milky Way? OR Design and make a model Moon base. OR Explain how satellites help us understand our Earth (e.g. weather satellites or fire detection or flood relief or disaster planning) and how they work. OR Visit an astronomical site OR Invite members of a local astronomy club to talk to you/Complete one of the above/Complete one of the above,G,A,0.0,I,N
134,Guide Sportswoman,Keep a log for 6 weeks of your activity showing how you carried out or took part in this activity and note any improvements/List the rules of the activity and the safety rules applicable to it/Describe what clothing and equipment is needed and how to care for it/Investigate more about your chosen activity,G,A,0.0,I,N
135,Guide Team Player,Make a collage of groups of people you consider to be good teams (e.g. pop groups or teams from TV or sports teams) Show why you believe they are good teams/Take part in a discussion on Unit ground rules or group contract/Take part in a Patrol discussion on activities you are planning to do including distributing different tasks and who will take responsibility for each one/With your Patrol show a new game or activity to the rest of your Unit/Take part in an activity with your Patrol to discover what type of team member you are by identifying your strengths and weaknesses/As a Patrol take part in a cooperation game/Take part in an activity to demonstrate two of the following skills: OR active listening OR different types of questioning OR giving feedback OR dealing with conflict OR problem solving OR decision making,G,No,0.0,I,N
136,Guide Voting,Evaluate the importance of voting and using your vote hold a mock election or referendum in your Unit/Learn about 2 or 3 different voting systems (e.g. proportional representation or first past the post or dictatorship)/Learn about the Dáil or your local Council/Name the political parties in Ireland and be able to name the politicians in your constituency/Women got the vote in Ireland in 1928. Find out when women got the vote in 3 other W.A.G.G.G.S. member countries/Know the Irish MEPs in the European Parliament,G,A,0.0,I,N
137,Guide Water Safety,Explain why the following can be dangerous: ponds & lakes & reservoirs & quarries & canals & rivers & beaches & swimming pools/Illustrate the water safety code for a number of the above locations/Know why it is important to put your own safety first. Demonstrate what you would do if you saw someone in difficulty in water/Explain what first aid treatment you might be required to give someone who has been in water (e.g. for shock or hypothermia)/Show how to use the following aids to help someone: AND Reach with an article of clothing or a rigid aid (e.g. a long stick) AND Throw something that floats (e.g. large ball or empty plastic container) AND Throw a 5m rope to a person. What precautions would you take?,G,A,0.0,I,N
138,Guide World Guiding,Learn what WAGGGS stands for and how many countries are members/Recognise the world flag and learn what each part symbolises/Know 12 things that we share with Guides around the world/Find out about the World Bureau & the World Centres & the World Thinking Day Fund/Design a World Thinking Day card and send it to the International Commissioner/With your Patrol organise an activity for your Unit’s international evening/Learn about Guides from two other countries & what they are called & what Promise they make and what their badge is. Locate the country on a map and know something of what it might be like to live in these countries- climate & food & flag/Take part in a World Thinking Day celebration,G,A,0.0,I,N
139,Guide Writer,Complete one of the following: OR Write an original story OR Write a dramatic sketch OR Write a short poem OR Write a report on a Guide event you have been to and send it to Trefoil News OR Write a profile or pen-portrait of someone you admire OR Send a letter or card of thanks and respond to an invitation OR Write a letter to a friend or relative OR Design an invitation inviting neighbouring Guides to an event with your Unit stating time & place & type of event etc. OR Compose an appropriate text or email or note to explain your absence from the weekly Guide meeting/Complete one of the above/Complete one of the above/Complete one of the above (Earn another badge by completing 4 different options),G,A,0.0,I,N
